id,epoch,N,mean,std,min,max,rmssd,sdnn,sdsd,sd1,sd2,sd_ratio,ellipse_area,VLF Power,LF Power,HF Power,LF/HF Ratio
SUB_002,congruent,126,0.7167623287535583,0.043734866094560045,0.6146812727934048,0.7975666850375092,22.247696509976038,43.7461566565821,13.766837198558457,15.711102130748797,59.69875866712485,0.2631730119943122,2946.604347552576,0.001008659923960986,0.000239760532419645,7.520809427773273e-05,3.1879618107891905
SUB_002,incongruent,849,0.723454428482983,0.04362118177238453,0.5814484127761261,0.8415339665689316,23.57770172998048,43.629478718010425,14.679273700868906,16.679138171773484,59.376458224193975,0.28090490188546274,3111.2704752752943,0.0006719923105505803,0.00060970490173321,0.00015870511850523338,3.8417469296247346
SUB_002,names,228,0.7582249042334975,0.04651152230786237,0.6113325135177092,0.8604831118300353,31.867429134581553,46.51164790993357,18.541673421481633,22.534098467170377,61.7939622870641,0.3646650519429088,4374.577389183912,0.0005649775987873148,0.0008718380614306393,0.000418968203659855,2.080917009488512
SUB_002,words,189,0.7802311854789545,0.046692161667722686,0.5406146919622188,0.8790817957485615,43.862029815940666,46.69344831452824,33.35239352473297,31.013047101943283,58.00512151358037,0.5346604970852857,5651.459925488854,0.00036091762826911315,0.0008401853860878535,0.0003240644448143345,2.592649084256124
