{
  "name": "Takaki-Forbes-Rolland 49 (full)",
  "domain": "S2",
  "degree": 49,
  "test_tolerance": 5e-14,
  "weight factor": 0.3183098861837907,
  "data": {
    "zero2": [[0.017215272864384]],
    "c2_a0": [
      [
        0.016980093992932, 0.016287701564484, 0.015176098709946,
        0.013699048669394, 0.011917862966544, 0.009949709232132,
        0.007990301340962, 0.006013889397492, 0.00411252465551,
        0.001817268747418
      ],
      [
        0.140162001046804, 0.277915296893501, 0.410759240703883,
        0.535876124992858, 0.6497777835811, 0.748409155164685,
        0.829348135045061, 0.894465956289006, 0.944058125619724,
        0.987862253555504
      ]
    ],
    "c2_0a": [
      [
        0.016581516828782, 0.014777402485908, 0.012080094498148,
        0.008802667536282, 0.005247237791926, 0.001434716239304
      ],
      [
        0.242541804141447, 0.470784684152167, 0.671181395364439,
        0.831652374120062, 0.942207760437171, 0.995505134366293
      ]
    ],
    "sxy": [
      [
        0.016996360875183, 0.016529341703362, 0.016346453873514,
        0.015653680853228, 0.01562096240516, 0.015752983588597,
        0.015285905897492, 0.01453915777482, 0.014373942211026,
        0.014319008003543, 0.014542901447602, 0.013849199364781,
        0.013059987031039, 0.013061361311573, 0.013461485936418,
        0.012721517267072, 0.012999326797557, 0.012684290319457,
        0.012088713612692, 0.011426213439463, 0.011202245254126,
        0.011311695012337, 0.011854223886705, 0.010742419833938,
        0.011182466396375, 0.01080654859606, 0.010077775415039,
        0.009468461433365, 0.009692715465869, 0.010430433400489,
        0.008992536703089, 0.009487399238462, 0.009994317252449,
        0.008539968701222, 0.009119402645822, 0.008875210556233,
        0.008050747496148, 0.007784596536343, 0.007399900073828,
        0.008133342998763, 0.008600004758038, 0.007710277516666,
        0.007982502816085, 0.006808878154983, 0.006954691951004,
        0.006900813247711, 0.006088865522202, 0.006426046354643,
        0.006761119291251, 0.007016760861743, 0.006477188149932,
        0.006661668527215, 0.005375275155411, 0.005868258028649,
        0.005820145538037, 0.005902104119186, 0.005054684255816,
        0.00496098634908, 0.004537862998939, 0.004632782035907,
        0.004388850909721, 0.005109830251738, 0.004113051569978,
        0.00415891740887, 0.004140190063635, 0.004679686813267,
        0.004049964918395, 0.003539891751123, 0.003735769613181,
        0.003422952334333, 0.003163173874532, 0.002658237414616,
        0.002676178920189, 0.002702797975966, 0.00332356290237,
        0.002717587068826, 0.002559349091113, 0.002807616134995,
        0.003136743493579, 0.002607159861571, 0.002669023740904,
        0.002340810292613, 0.002153991448595, 0.001889636488981,
        0.001741993410194, 0.001329070948397, 0.001419491339033,
        0.00139942996433, 0.001288165483803, 0.001339423986954,
        0.001289817692437, 0.001252970723125, 0.001031101466728,
        0.000964757667509, 0.000826725988318, 0.000788848272361,
        0.000675013383016, 0.000568376940729
      ],
      [
        0.070095964986614, 0.20908599040872294, 0.13909291239251828,
        0.2757536242485525, 0.3444261789578834, 0.0690542086154239,
        0.20593897576148, 0.4074134594256057, 0.33906149961624815,
        0.47347603594483034, 0.13611200183457342, 0.26969595275603137,
        0.465571173408012, 0.5311410405755255, 0.06724175319776568,
        0.3979560314104856, 0.20044843918988525, 0.593093802694955,
        0.3296724137807156, 0.5818915046688676, 0.5173343532142843,
        0.6432258501311839, 0.13210848414132237, 0.4515066333258923,
        0.2615965825141023, 0.6993482178427656, 0.3854132060641641,
        0.6225468720154644, 0.6833358469380376, 0.06511374902012672,
        0.5602337539930431, 0.7394916507342436, 0.1940063731197377,
        0.4985079423838596, 0.31863776984735276, 0.7886700896778983,
        0.7103052254997251, 0.4344561253961775, 0.648737320285741,
        0.7686198461814058, 0.12809015418988048, 0.8195366058360789,
        0.2534143273793801, 0.591281919080588, 0.8613996356521207,
        0.37196501029102197, 0.5311137071555979, 0.7202021779234197,
        0.7843964472060103, 0.06363706892774243, 0.839751369848549,
        0.18968285384205533, 0.4735503978308348, 0.6581118511676672,
        0.8842593137773549, 0.3112794405340714, 0.5921096816067468,
        0.9186433489465089, 0.4193439579250623, 0.7693841250473853,
        0.8279765048296698, 0.12627439571719654, 0.8739442752216543,
        0.5322319820574952, 0.7083546412178847, 0.2502700529347668,
        0.9127531816268325, 0.9445069987070563, 0.3659630198706683,
        0.6435825903938612, 0.47897817324563824, 0.9677022726010571,
        0.589697586066005, 0.8199177843563212, 0.06255820792646204,
        0.8712945746105002, 0.7648758034096541, 0.914816945191667,
        0.1866632149829104, 0.9515802135769807, 0.306052920318044,
        0.7004778689697782, 0.42133709424370747, 0.9779313491204744,
        0.5341512055650222, 0.6402934428860314, 0.8426441531289016,
        0.123927397776884, 0.7748385819199998, 0.9005628549218061,
        0.9452401366072248, 0.24518334490957167, 0.36281821890776456,
        0.9772507510760471, 0.9952875667488833, 0.477242103183891,
        0.7019583621799002, 0.5908798830005315
      ],
      [
        -0.12201396323046784, -0.12075885602544681, -0.24126723129779837,
        -0.23757288102769966, -0.11838678817463225, -0.358839697664832,
        -0.35504255483713026, -0.2319527473521935, -0.34789401367668454,
        -0.11528952904801694, -0.46820022964833513, -0.4607378491243087,
        -0.33857057011485875, -0.2255741442301065, -0.5744405081381839,
        -0.449424057158135, -0.5680087138151356, -0.1122685096142509,
        -0.5559285181973627, -0.32974277177589395, -0.43677592322741615,
        -0.22068592352978778, -0.6672266113912835, -0.5403309966131028,
        -0.6557843531809012, -0.1105820229592644, -0.6384873362123948,
        -0.42870861186113474, -0.3260768543363835, -0.7559171106472623,
        -0.5270258820858132, -0.21979484021114312, -0.7467129528466281,
        -0.6202902464211323, -0.7293635507906686, -0.11064461288725524,
        -0.4284818709670668, -0.7077216571262559, -0.5246154900162431,
        -0.3257919523807826, -0.8262627394002464, -0.2180231030148433,
        -0.8105697529937184, -0.6129843740287105, -0.10753802944481979,
        -0.7871377159921519, -0.6937089625700896, -0.5273154807094079,
        -0.4268446027780355, -0.8921508265738597, -0.31975939423554356,
        -0.879917616745109, -0.7670291275927301, -0.621569854603837,
        -0.20914290486645207, -0.8567608416074479, -0.7066868658538406,
        -0.10137203705727117, -0.8310256022005048, -0.5409587076748804,
        -0.44979909232243975, -0.9352897244072311, -0.35799044092637816,
        -0.7807330996308296, -0.6307863335308791, -0.9149999583383255,
        -0.25951047725146703, -0.15599794945772266, -0.8855445324483806,
        -0.71064261135169, -0.8406452621924002, -0.06252241732680983,
        -0.7766093102733136, -0.5281819022245253, -0.9744880401784667,
        -0.4419252972467777, -0.6079774094750205, -0.3443670151058935,
        -0.9597663265418798, -0.23631482062481013, -0.9319743053419747,
        -0.68924921056536, -0.890449487847489, -0.12915367609168357,
        -0.8325249122750564, -0.7575510990391111, -0.5297854354894574,
        -0.9878501826361077, -0.6251979590507855, -0.4246773464749626,
        -0.31324454962388176, -0.9653936465026396, -0.9283954667354936,
        -0.1975023291922288, -0.06812854152529203, -0.8760883033479006,
        -0.7093757016262684, -0.8049585026227526
      ]
    ]
  }
}
