{
  "name": "Takaki-Forbes-Rolland 25 (full)",
  "domain": "S2",
  "degree": 25,
  "test_tolerance": 5e-14,
  "weight factor": 0.3183098861837907,
  "data": {
    "zero2": [[0.06028565496392]],
    "c2_a0": [
      [0.052253274129122, 0.032997297141398, 0.008690403309202],
      [0.441030807710879, 0.792191541262276, 0.979515608138996]
    ],
    "c2_0a": [
      [
        0.057684977649424, 0.050298955537028, 0.039234155041108,
        0.027081807735004, 0.014353844931716
      ],
      [
        0.261434390723291, 0.505640436876209, 0.710338378038906,
        0.857862937370733, 0.952047479008907
      ]
    ],
    "sxy": [
      [
        0.057556427932263, 0.052453318283768, 0.049554977439453,
        0.042466951406315, 0.042167180018863, 0.043193869425646,
        0.036761092612513, 0.032807706232224, 0.031954479710351,
        0.030467507541405, 0.027629177840705, 0.022489928187076,
        0.020357871994131, 0.022217738419452, 0.020601146332713,
        0.019398094050905, 0.015736999331708, 0.014329818273132,
        0.009360821867832, 0.007308047229089, 0.008302335714779,
        0.006949681274527, 0.006787254895744, 0.004359050250125,
        0.003817915654748
      ],
      [
        0.22553224098910477, 0.22055228003205138, 0.43528382770371066,
        0.6308299111803543, 0.4251223912906243, 0.21756111395397193,
        0.6167181813546387, 0.4308669178819159, 0.22391558789789068,
        0.7813920139484217, 0.6131328826423998, 0.7668772146176163,
        0.9066637021689892, 0.4322102600340338, 0.6223776533746155,
        0.21669042620187454, 0.8889997241560066, 0.7833395952669093,
        0.6302224024757501, 0.26897632237074554, 0.45308925720964327,
        0.970752122589159, 0.9023935625971397, 0.10060998796104172,
        0.7834608710010502
      ],
      [
        -0.1305371475407235, -0.38312701034080976, -0.25160669083880133,
        -0.12139773790283447, -0.4833425585119698, -0.6072755994635812,
        -0.3518137769385918, -0.6699782334541182, -0.7801357226708163,
        -0.23191758865548703, -0.5382006873820843, -0.42996157839852145,
        -0.10977332869893448, -0.8080714807505803, -0.6734665961566061,
        -0.8995251075855696, -0.3081282583519888, -0.5482900699611658,
        -0.7542746450029163, -0.9467483278820299, -0.8742645957032915,
        -0.18227516230702148, -0.40415583265016786, -0.9862919626962661,
        -0.6132517470231852
      ]
    ]
  }
}
