{
  "name": "Takaki-Forbes-Rolland 37 (rad6)",
  "domain": "S2",
  "degree": 37,
  "test_tolerance": 5e-14,
  "weight factor": 0.3183098861837907,
  "data": {
    "zero2": [[0.029270529957215997]],
    "r6": [
      [
        0.028625149378461, 0.027355678384304, 0.026734632442212,
        0.024886051729519, 0.024912600483553, 0.023730140082446,
        0.021953257668081, 0.021319393339642, 0.02151920315334,
        0.019796314372905, 0.017898233990704, 0.018307763566526,
        0.016843592970458, 0.017439518113774, 0.015375774853786,
        0.013883928737328, 0.012376942718106, 0.014184014255598,
        0.01207066611816, 0.013145570179605, 0.011117461974592,
        0.011053791297938, 0.011358283058745, 0.010712526079939,
        0.009651236507934, 0.009309936881118, 0.007845435276407,
        0.007595868329742, 0.007260214259923, 0.006251442730154,
        0.005860710175328, 0.004488717841264, 0.003787159593705,
        0.003715031984439, 0.003272751020725, 0.003011684440837,
        0.002982733045494, 0.002500287585723, 0.001540680699114,
        0.00153462167923, 0.001511352937905
      ],
      [
        0.182825581257615, 0.31315500480281, 0.359553703398153,
        0.46738477633845, 0.467998217134387, 0.524112632476454,
        0.595301189880869, 0.614105475147978, 0.617112562629626,
        0.670288802701109, 0.717236604798118, 0.721440832724144,
        0.7422505709627, 0.748391162891297, 0.792137403501458, 0.81908389841517,
        0.821602218545912, 0.82986375120641, 0.846516964353779,
        0.851843600799176, 0.882726043787997, 0.900283533894993,
        0.902341106376033, 0.911030210963394, 0.918294746722739,
        0.924798406555036, 0.943375688819212, 0.958496130309284,
        0.960401107177588, 0.964256073364413, 0.966125173212938,
        0.9682830271377, 0.974973318240479, 0.980526404497562,
        0.992098631177834, 0.992482259855141, 0.992855172163145,
        0.99345481039341, 0.994778196984786, 0.995731270729758,
        0.996529576281839
      ],
      [
        0.0, 0.522212839269485, -0.002315315734628, 0.330987797735471,
        0.710815624330849, -0.003850147697594, 0.524111783394217,
        0.243139390788928, 0.803007221998063, 0.001302012892241,
        0.418467454868181, 0.644607119648819, 0.203196130155662,
        0.864141199089943, 0.019454965897725, 0.532681989966127,
        0.357811438789135, 0.719145675764966, 0.199729249031256,
        0.907395196907604, 0.044332847890324, 0.401947892315448,
        0.580157885198974, 0.760504550721033, 0.234788389373487,
        0.941029030648351, 0.075540939685814, 0.431170011440467,
        0.601619772484638, 0.766208462824786, 0.267333644604046,
        0.913173811704755, -0.014002330356704, 0.138404168475239,
        0.510754389824888, 0.350105821159647, 0.674579224226999,
        0.833518891070396, 0.965097724120099, 0.03915101723975,
        0.198794921995886
      ]
    ]
  }
}
