{
  "name": "Takaki-Forbes-Rolland 41 (full)",
  "domain": "S2",
  "degree": 41,
  "test_tolerance": 5e-14,
  "weight factor": 0.3183098861837907,
  "data": {
    "zero2": [[0.024077860387448]],
    "c2_a0": [
      [
        0.023668581498296, 0.022457637555098, 0.02048923489452,
        0.017812258458268, 0.014389703520496, 0.010856658449758,
        0.007529135384252, 0.005349847719938, 0.002465567454584
      ],
      [
        0.166726744255913, 0.328086221275448, 0.478949373564846,
        0.614848201706059, 0.732653198728906, 0.837629675645188,
        0.918611589478635, 0.964003724489905, 0.991565361412793
      ]
    ],
    "c2_0a": [
      [
        0.022675820857856, 0.018625719856906, 0.012966952358494,
        0.008194456706582
      ],
      [
        0.283370138098251, 0.543690077837753, 0.76018051716677,
        0.913262226684233
      ]
    ],
    "sxy": [
      [
        0.023624383063267, 0.022822430199392, 0.02228987941445,
        0.020865384403081, 0.021252354056179, 0.021151067289525,
        0.020151009850952, 0.019312981589728, 0.018295649780689,
        0.018969384712721, 0.018766498312257, 0.017353008476273,
        0.015671300337057, 0.016835510779367, 0.016780442068461,
        0.01601531802985, 0.015025453572234, 0.015915303850012,
        0.014119582370468, 0.014051802487504, 0.013776808587629,
        0.012271311964591, 0.0139029750713, 0.012540244302858,
        0.012592884718368, 0.01154084569983, 0.010364201364558,
        0.007902114905878, 0.011090621854794, 0.011428341551809,
        0.010084494451578, 0.010648387053387, 0.009918832528948,
        0.005257947196618, 0.009006747792397, 0.009091295951414,
        0.008355942552847, 0.008124008082343, 0.006892305603779,
        0.008033042093433, 0.007811683652105, 0.00635124129114,
        0.00667973841887, 0.00710695862988, 0.006888231234559,
        0.006601736227555, 0.004664193937279, 0.004903751202752,
        0.004282617767853, 0.0056292914688, 0.005436481398677,
        0.005536015839404, 0.005258614373624, 0.004649869142596,
        0.003527248928763, 0.003937055475302, 0.00316988483899,
        0.002762282884786, 0.002490963114597, 0.002363843766753,
        0.00234718358963, 0.002356590538744, 0.001991003742076,
        0.001820661691415, 0.001581401433976, 0.001350991981748,
        0.001186110553532, 0.000860165845833
      ],
      [
        0.08332823643761185, 0.24730263569399016, 0.16367817360961076,
        0.08011820526443539, 0.4033594609594172, 0.32211634659506155,
        0.23777273976676033, 0.4704961595653886, 0.15340337140747534,
        0.546757609609815, 0.3879755536923277, 0.30194643095820795,
        0.07250070944624241, 0.6051681142621005, 0.5270488534080474,
        0.6739416240422496, 0.2149460063605111, 0.44194354064622987,
        0.35031606239228325, 0.6549753904083575, 0.7258973560337849,
        0.13580697772616956, 0.5754769502387139, 0.7850043480972589,
        0.48368944342167614, 0.26178534594040825, 0.38823575959404033,
        0.7547256733059978, 0.07278750977777512, 0.6928102625417828,
        0.8236228278540655, 0.6041493201059106, 0.20902411683555597,
        0.7943836310028497, 0.5050503054956594, 0.8773247054437371,
        0.33971245032161407, 0.7811965349921001, 0.8845908065737832,
        0.6998453940555786, 0.1357069886725435, 0.8489005362932488,
        0.45181501349278125, 0.602472725075904, 0.27429406891746244,
        0.9334067382986517, 0.39828155770115536, 0.5450702411469528,
        0.050972037908274336, 0.7867820888584229, 0.8646259797216952,
        0.9242447425989847, 0.6894502514482567, 0.17737609772433932,
        0.31176276692664634, 0.9705483326762873, 0.471015240470604,
        0.6056200177361637, 0.07402897154459727, 0.755715380409448,
        0.9120899082537468, 0.8432572119409089, 0.9606080060662688,
        0.22332905237205666, 0.3796840669872452, 0.6596428824736172,
        0.531373272478382, 0.9919797193593882
      ],
      [
        -0.14311665662450912, -0.14285667217194195, -0.28311832000220577,
        -0.4177074004296758, -0.14226812362105803, -0.2823043065250099,
        -0.41694730908272504, -0.2804537249216367, -0.5432052803808927,
        -0.14088686602921613, -0.41503532566664825, -0.5415353765072413,
        -0.6583367722635121, -0.27539051214386767, -0.4100123409019866,
        -0.13685187115116562, -0.6569783390324389, -0.5371019422213138,
        -0.6540485258141541, -0.3929055942089936, -0.25774959038403267,
        -0.7584227491367054, -0.5205733947173036, -0.12035849586326938,
        -0.6385217236253231, -0.758017644476262, -0.743452748895639,
        -0.3716498875513304, -0.845032246180392, -0.4983117280198362,
        -0.23336704138111902, -0.6182430966277345, -0.8439428734037103,
        -0.36176246930077716, -0.7252365905728201, -0.11339052994852344,
        -0.8268466284407694, -0.4836177005159431, -0.2553533460188457,
        -0.6018053264015247, -0.9135529023177628, -0.36912647687235084,
        -0.8087811143492035, -0.7092628766216679, -0.8975873162343211,
        -0.14399174147350235, -0.8726481258014237, -0.7909043448984258,
        -0.9637280613327828, -0.5622941739715075, -0.4347137054765269,
        -0.2913200593126848, -0.6816802821038369, -0.955106950097069,
        -0.9288631952309362, -0.1428170002352777, -0.8638324665670134,
        -0.7761006608160421, -0.9906932397417544, -0.6451473357493738,
        -0.3944887259539206, -0.5260024532259954, -0.2579861170497015,
        -0.9701946730974329, -0.9210826935439395, -0.746722135420717,
        -0.8440782829818924, -0.11464510980383677
      ]
    ]
  }
}
