{
  "name": "Takaki-Forbes-Rolland 27 (full)",
  "domain": "S2",
  "degree": 27,
  "test_tolerance": 5e-14,
  "weight factor": 0.3183098861837907,
  "data": {
    "zero2": [[0.050927485906092]],
    "c2_a0": [
      [
        0.048448427438296, 0.040103041307606, 0.032077893750184,
        0.023516746118766, 0.00679637524734
      ],
      [
        0.234798437595722, 0.454247701342347, 0.689924349020905,
        0.862369699060635, 0.988853072566577
      ]
    ],
    "c2_0a": [
      [
        0.04617512047833, 0.033389046029916, 0.021311935394276,
        0.002279057757554
      ],
      [
        0.41675548920209, 0.764866267023148, 0.892717832782068,
        0.999195749509102
      ]
    ],
    "sxy": [
      [
        0.049304693477899, 0.04474011813873, 0.044203648910476,
        0.037567306565585, 0.039304327869894, 0.039596830319426,
        0.036261702812147, 0.030739289348093, 0.031146628438246,
        0.028377988099858, 0.025708384263922, 0.025836020619583,
        0.024031871720919, 0.021775841703695, 0.01979614298783,
        0.021760003404428, 0.018760458793811, 0.015367447460007,
        0.013846990272539, 0.011051146284504, 0.012785893909641,
        0.01298646244109, 0.009938381162991, 0.008387811467254,
        0.006691181448027, 0.006478087108377, 0.004096176212552,
        0.00281852571363, 0.002258109204634
      ],
      [
        0.11852756330457251, 0.3495453200574197, 0.2343478039169623,
        0.5710543462462819, 0.4668125450036211, 0.11507043704894744,
        0.3502560312414773, 0.6624681287590305, 0.5595086697668679,
        0.2273038279386039, 0.7715066837083995, 0.42912146835452075,
        0.7393221064616989, 0.20653511205856415, 0.8466147728321928,
        0.6168372245914621, 0.41807196568494714, 0.9352882650841229,
        0.7702163027832098, 0.25635926101796647, 0.880988117464572,
        0.5921989752334978, 0.09572005838173522, 0.4246124066532642,
        0.7419456200056732, 0.9606954911880821, 0.8750346351240439,
        0.2387491179354301, 0.5938043654459713
      ],
      [
        -0.21211222267778762, -0.2031865028780944, -0.4080586863127125,
        -0.15749010760633247, -0.3662739579122827, -0.598771465988003,
        -0.5605031989661063, -0.31632904223367764, -0.5179316856436007,
        -0.7292299238085401, -0.15698959752337963, -0.6953449318968759,
        -0.4403185405725009, -0.8496693670068926, -0.2634808555856108,
        -0.6401194315022105, -0.811613474197125, -0.12149267791052663,
        -0.5505335998170054, -0.9203492794693615, -0.3755229428435916,
        -0.7564390483706525, -0.9626120095519978, -0.8867223026792456,
        -0.6513420641526139, -0.23658809952498053, -0.4734459594656376,
        -0.9690742264303188, -0.8038468809877968
      ]
    ]
  }
}
