{
  "name": "Takaki-Forbes-Rolland 53 (rad6)",
  "domain": "S2",
  "degree": 53,
  "test_tolerance": 5e-14,
  "weight factor": 0.3183098861837907,
  "data": {
    "zero2": [[0.014826217176240001]],
    "r6": [
      [
        0.014659668702481, 0.014329371125999, 0.014165731404468,
        0.013679377758513, 0.01368009801126, 0.013361090188722,
        0.012886576370214, 0.012730958654162, 0.012733570741202,
        0.012272897709143, 0.011810493419214, 0.011811986201069,
        0.011516904896054, 0.011519931387887, 0.010939541812416,
        0.010625290719107, 0.010490705990614, 0.010482889190872,
        0.010079611583639, 0.010079482841659, 0.009408457730503,
        0.009240782990329, 0.009205932613229, 0.00898950156821,
        0.008936618523938, 0.008466346367126, 0.008461883299735,
        0.007884325966835, 0.007721064437037, 0.007800846062036,
        0.007675907290363, 0.00737352560195, 0.00728199558876,
        0.006670615021067, 0.006752883527833, 0.006524178100937,
        0.006470390735832, 0.006233762134079, 0.006027657171852,
        0.006199556035623, 0.00538752222496, 0.005807510369541,
        0.004534867846588, 0.005266850282705, 0.005166617019567,
        0.005151192259024, 0.005010244388524, 0.004134737028799,
        0.00481739668099, 0.004748502987476, 0.004404488320802,
        0.00418053394324, 0.00378032759304, 0.003558463869211, 0.00385502295556,
        0.003909160374617, 0.00369682193338, 0.003792490841909,
        0.003545708020983, 0.003093168835681, 0.003177748336463,
        0.002877560552162, 0.002490347454757, 0.002601367232278,
        0.002488579663209, 0.002592412078294, 0.002445474187253,
        0.002220774287284, 0.001891878324914, 0.002007918786191,
        0.001749192411295, 0.001389411964096, 0.001132481178818,
        0.001145618608906, 0.001109826911088, 0.001015164459541,
        0.000918301477315, 0.000919438803836, 0.000814130778809,
        0.000674237438332, 0.000441837214847
      ],
      [
        0.130474371960067, 0.224716242670116, 0.258739503391937,
        0.339350580766403, 0.339413715433973, 0.382589480274104,
        0.438084110257398, 0.454438930245749, 0.454720429541815,
        0.499815763953106, 0.540019651110168, 0.54044526248751,
        0.563936080894384, 0.564732265274122, 0.608191654977149,
        0.629321232961057, 0.637841626824953, 0.639438785844837,
        0.664233654228545, 0.666219347922343, 0.705412002444487,
        0.714506060753323, 0.716184340354718, 0.726774403157352,
        0.731159143762171, 0.752260521258748, 0.756747738985355,
        0.788965273227043, 0.78914648229028, 0.791352400996242,
        0.796733740816987, 0.803847521065528, 0.812880368059698,
        0.826326652341805, 0.833952393253841, 0.853728638571435,
        0.855946763816151, 0.858812353472171, 0.858921371555755,
        0.864999035836113, 0.870408501702681, 0.877961384489306,
        0.892104759495686, 0.893126234445084, 0.907762877906809,
        0.908794905703577, 0.91181336641444, 0.91312224892893,
        0.914026596347042, 0.919029641451489, 0.927588657312939,
        0.930471346591878, 0.938123576775588, 0.947848240727876,
        0.950002943952488, 0.950292538076332, 0.952119786261273,
        0.953422118720637, 0.957800476303794, 0.962577786361516,
        0.962908442327618, 0.967692372619294, 0.974092958089892,
        0.979443715802562, 0.979951456966688, 0.980019538372743,
        0.981610989948305, 0.983638480294708, 0.984456736684168,
        0.985442360818747, 0.987540844722019, 0.990893346290961,
        0.996079353236616, 0.996120037588625, 0.996291120834383,
        0.996676064055965, 0.996723650132708, 0.99701689071072,
        0.99735286332969, 0.997801132938485, 0.9986683853373
      ],
      [
        0.0, 0.523257286020149, -0.000544285699183, 0.33272906285198,
        0.712880283097205, -0.001101049719703, 0.522847247207946,
        0.241772048678392, 0.803407283741647, -0.00123385844133,
        0.409071946543102, 0.638315992515512, 0.190381902746607,
        0.856103295019409, -0.000195019035373, 0.527115290720919,
        0.337867011105476, 0.715601105786033, 0.160228657767719,
        0.892134402424925, 0.003953707578856, 0.454890232699136,
        0.617048696762923, 0.295392749296573, 0.774517113565278,
        0.14638309072552, 0.923046491217324, 0.553118311691467,
        0.015855809355769, 0.410908074132048, 0.693767223666127,
        0.2730591666939, 0.829109227939614, 0.146385364345626,
        0.960638392078631, 0.487145651001058, 0.615361380192143,
        0.360504450484292, 0.042392923378387, 0.741325922595382,
        0.241795223022785, 0.865745375503407, 0.149109883874221,
        0.990360082685683, 0.548028195583731, 0.429492082537745,
        0.665592410143984, 0.059565792481963, 0.311433169706516,
        0.782991758194315, 0.902220246186447, 0.206591337326154,
        1.020964036229313, 0.105540184123028, 0.463088320971818,
        0.577000765618352, 0.349723124931314, 0.693198983225136,
        0.811950341688563, 0.243648551536886, 0.932004594571137,
        0.010693030489654, 0.140443178611456, 0.49586642858993,
        0.382131611833613, 0.611375773101261, 0.729640240570155,
        0.849483664438772, 0.275069960691626, 0.97229761281275,
        0.049631030799948, 0.17626424834694, 0.424816525975706,
        0.539332331062095, 0.655609960050797, 0.77372817050171,
        0.313723425890241, 0.89376416781133, 1.014215881006143,
        0.086841496098318, 0.207489236362326
      ]
    ]
  }
}
