{
  "name": "Takaki-Forbes-Rolland 77 (rad6)",
  "domain": "S2",
  "degree": 77,
  "test_tolerance": 5e-14,
  "weight factor": 0.3183098861837907,
  "data": {
    "zero2": [[0.007221362625768]],
    "r6": [
      [
        0.0071817020877, 0.007102675548372, 0.007063298046476,
        0.006945771274695, 0.00694583072076, 0.006867857839816,
        0.006752083349173, 0.006713223420634, 0.006713567496629,
        0.006598152992432, 0.006484986671567, 0.006485570782618,
        0.006408292738344, 0.006409395937856, 0.006257919168566,
        0.006187855841927, 0.006148602212552, 0.006150874935948,
        0.006035128735845, 0.006037909246613, 0.005851714624482,
        0.005825898137297, 0.005828311014471, 0.005747971535693,
        0.005754250642062, 0.005598371420762, 0.005605069917032,
        0.005449380258483, 0.00538478976123, 0.005406460932708,
        0.005415310916631, 0.005288471970344, 0.005304744166204,
        0.005102317707401, 0.005119457144091, 0.005022360539804,
        0.005029832716024, 0.004936600000758, 0.004960459002206,
        0.004863717748277, 0.004774741659601, 0.004815653727815,
        0.004550630540687, 0.004595446795384, 0.004602037890278,
        0.004554657871323, 0.004572309382099, 0.004424449791916,
        0.004470712364815, 0.004301044069471, 0.004212957268092,
        0.004298758871145, 0.003953167244902, 0.004052580607277,
        0.004137289976131, 0.004133368941928, 0.004058425450642,
        0.004060451407283, 0.003884250095784, 0.003928103035654,
        0.003725350399216, 0.003619103277683, 0.003738216982651,
        0.003700365581014, 0.003685928642263, 0.003626036859675,
        0.003352808903032, 0.003481570019572, 0.003565836934906,
        0.00348356058744, 0.003325659761924, 0.003294894718076,
        0.003160588122907, 0.003014456847517, 0.003067831915915,
        0.003326653447265, 0.003303073585713, 0.003254083452103,
        0.00319930874407, 0.003062154455552, 0.002790803516235,
        0.002871630831242, 0.003027508214153, 0.002724518479979,
        0.002786648121396, 0.002544755149156, 0.002571165468326,
        0.002472223391853, 0.002874700481592, 0.002860311861416,
        0.002810946378824, 0.002740757460447, 0.00268775126325,
        0.002461129525927, 0.002365565943801, 0.00249944003711,
        0.002146351045139, 0.002255156788768, 0.002291748364552,
        0.00226703879807, 0.002116941990006, 0.002279882972235,
        0.001928612192575, 0.001970138780306, 0.002044748182643,
        0.002102526079172, 0.001878583350062, 0.002078448035529,
        0.001872336807367, 0.001784304818056, 0.001911598908914,
        0.001777785766562, 0.001616699140409, 0.001757207491559,
        0.001650608304868, 0.001645840595625, 0.001683147077751,
        0.001692930872119, 0.001653614127711, 0.001136420162796,
        0.000856057631169, 0.001589089047804, 0.001518933110222,
        0.00146681544418, 0.001334012579509, 0.001426753687596,
        0.001439412506341, 0.001374766447124, 0.001263634843307,
        0.001236360986438, 0.001255401408135, 0.001175857001817,
        0.001275316485845, 0.000645429343702, 0.001032533009329,
        0.001159656946351, 0.000987631064347, 0.001022169702418,
        0.001062426303761, 0.001074332767715, 0.00104569291981,
        0.000970235686179, 0.000865312708299, 0.000678618929186,
        0.000712640554482, 0.000779849561439, 0.000799787468058,
        0.000610870396132, 0.000787863412149, 0.000571748160716,
        0.000686081209356, 0.000682048477971, 0.000689150458834,
        0.000679102356988, 0.00064291672787, 0.000576658274575,
        0.000506490665151, 0.000365614865654, 0.000375571429358,
        0.000358493698193, 0.000355000291663, 0.00032860226549,
        0.000313506391892, 0.000295303559031, 0.000294712962743,
        0.000292691680609, 0.000282028007155, 0.00025715064441,
        0.000198235288888, 0.000209409578575
      ],
      [
        0.091189899473013, 0.157511497800769, 0.18162607509441,
        0.239271668397916, 0.239282406608073, 0.270552865755179,
        0.311132715959791, 0.323340642004629, 0.323392516039802,
        0.357211845082082, 0.38766458912901, 0.387746269449559,
        0.406314028049295, 0.406462761839708, 0.440844039300662,
        0.45706676871567, 0.464582885523121, 0.464874561955306,
        0.486594622289384, 0.48692723623286, 0.520699113024156,
        0.527440503420361, 0.527728656136678, 0.539572021560573,
        0.540264250618433, 0.563092969140255, 0.563729508416316,
        0.591704852004535, 0.596060965987083, 0.596401410127561,
        0.597260942284636, 0.611142786364295, 0.612462344055488,
        0.63496529981103, 0.636027703174529, 0.65447254703517,
        0.655109053225589, 0.662302802940295, 0.663986839519681,
        0.666310403615761, 0.678286780389171, 0.680358255480501,
        0.701636054150897, 0.703114017168082, 0.711708691022626,
        0.714394695010207, 0.715898682581823, 0.724029665225145,
        0.726545734183467, 0.731032788987103, 0.740383243813257,
        0.742958590068579, 0.762876157263826, 0.764366514731253,
        0.765490340325478, 0.766432173155721, 0.770168692427304,
        0.772703415573843, 0.780604048015136, 0.783856975629852,
        0.78999159633231, 0.796863055947043, 0.79945733771084,
        0.814145264401981, 0.8150346035986, 0.817555600924057,
        0.818410713770572, 0.819168264590114, 0.820520982905944,
        0.824872611632263, 0.83096827159548, 0.835728685475444,
        0.842324175478866, 0.847028762781204, 0.849894943212231,
        0.857619279842451, 0.85908033612577, 0.859661198997147,
        0.863853625539443, 0.865532022097815, 0.866959254978954,
        0.867254311043049, 0.871777257671088, 0.876312872299813,
        0.882614639444124, 0.886556295261084, 0.893884893539191,
        0.895744794439353, 0.89611804270484, 0.896289463735151,
        0.898426969889119, 0.899043093249739, 0.903294231872402,
        0.905223617158302, 0.909612762340876, 0.910571189695202,
        0.911363777520893, 0.919837595125171, 0.920654212718203,
        0.928568956413925, 0.928833907007381, 0.92960172126258,
        0.930438275186883, 0.931879129418832, 0.931999422960056,
        0.932205353218866, 0.93338710042755, 0.93379909630448,
        0.937599158139253, 0.943302786982067, 0.945261217543738,
        0.951220500092443, 0.951700853592182, 0.953030421242073,
        0.955239146806579, 0.955400019780882, 0.955504695334752,
        0.955581964388447, 0.955643270561855, 0.956476157411846,
        0.957554566678488, 0.959459996024764, 0.962873521672661,
        0.96599051283297, 0.968564990440259, 0.968679055932526,
        0.969239803097229, 0.971129021813214, 0.973138002996101,
        0.974777984258827, 0.975670533626433, 0.976047112705077,
        0.97611111973532, 0.976961068391782, 0.977480045266565,
        0.979027343015345, 0.981775028197868, 0.982273621074094,
        0.982757068984077, 0.982935073616924, 0.98359517922725,
        0.98505827908694, 0.986294605447734, 0.98871083442174,
        0.989797665431613, 0.990256748475514, 0.990608443812355,
        0.990986146250277, 0.991041034030846, 0.99217735974597,
        0.992404393541131, 0.992849052045281, 0.992930392640105,
        0.993092163437238, 0.993523065484204, 0.994396558245619,
        0.994938967531664, 0.997995989302037, 0.998059567573217,
        0.998211337966755, 0.998220605489379, 0.998255210741881,
        0.998466889437785, 0.998613277168171, 0.998643544283275,
        0.998662439326299, 0.998714465408477, 0.998835243655247,
        0.999100000000004, 0.999100000000005
      ],
      [
        -0.0, 0.523457671569935, -0.000219564730424, 0.333119004266738,
        0.713338154646185, -0.00050722570642, 0.523094748373317,
        0.242019081431248, 0.803974262037757, -0.000751251059146,
        0.4081860425022, 0.637961446436695, 0.189547966491569,
        0.856245643618176, -0.000788765135943, 0.523443952264354,
        0.333396443027069, 0.713255050463875, 0.155906521767579,
