{
  "name": "Takaki-Forbes-Rolland 37 (full/hexagonal)",
  "domain": "S2",
  "degree": 37,
  "test_tolerance": 5e-14,
  "weight factor": 0.3183098861837907,
  "data": {
    "zero2": [[0.029274390307428]],
    "c2_a0": [
      [
        0.02864987465912, 0.02681475661405, 0.023888459422438,
        0.020070662804336, 0.015544668760146, 0.010950353802128,
        0.004620533569132, 0.002452757510248
      ],
      [
        0.18318784233694, 0.359960481987498, 0.523986680407404,
        0.668812850215442, 0.788250415598317, 0.884962673750939,
        0.970062516297052, 0.99425752178327
      ]
    ],
    "c2_0a": [
      [
        0.027309643374522, 0.02183507520642, 0.014546777902274,
        0.007509845188326
      ],
      [
        0.312537207419209, 0.594422571787131, 0.817771735557934,
        0.958083598598919
      ]
    ],
    "sxy": [
      [
        0.028621755024995, 0.027392311740773, 0.026703117848766,
        0.024796561608002, 0.025012010586317, 0.024923951958507,
        0.023620986449241, 0.02210828026294, 0.021234893553627,
        0.021649106808287, 0.021383249632957, 0.019547970928184,
        0.018058341961345, 0.018502243081966, 0.018320397538519,
        0.017542900523156, 0.016803480657502, 0.017099345164081,
        0.014889275245869, 0.014499952216439, 0.013693305319149,
        0.014294709351464, 0.013905645087561, 0.012690009827304,
        0.012552812287336, 0.011789882822016, 0.010287546573295,
        0.010509413461411, 0.011126383641113, 0.010073290854117,
        0.01019085026588, 0.008829092403723, 0.009319161390537,
        0.008657204614634, 0.007638159194282, 0.007094283354162,
        0.005826903553128, 0.007010844940636, 0.006782862185988,
        0.006252198184999, 0.006904340031558, 0.006372481144022,
        0.005015337044043, 0.004732338831195, 0.004264248439915,
        0.004180532469571, 0.003190785945854, 0.003126851980171,
        0.003127330350372, 0.003100560636698, 0.002529607981498,
        0.002446035587021, 0.002077457591964, 0.001910725573068,
        0.00176953570286
      ],
      [
        0.09156401217234725, 0.2715009452904009, 0.17971998855604907,
        0.08800764324885854, 0.4418946851093397, 0.3531848030865696,
        0.26100160256927785, 0.5139276933250662, 0.16899930093164206,
        0.5963320843396012, 0.4245406512326742, 0.3317608368659753,
        0.08111980217632671, 0.6555600660245245, 0.5718164471438792,
        0.7284966348222357, 0.23996937462511783, 0.48092011949664765,
        0.387024499673404, 0.7038153979744448, 0.1549072998326205,
        0.7778203433112792, 0.6191343594756548, 0.8365766747506354,
        0.5269544760133447, 0.2973707299711785, 0.4313058138337205,
        0.7647874141437503, 0.0800125986017033, 0.8356586498108532,
        0.6797747072607774, 0.886791381295073, 0.23097217485718605,
        0.5845640650020698, 0.931735196106468, 0.3606719938563396,
        0.4944513607490795, 0.791843494151256, 0.8683796403120891,
        0.9231810412283354, 0.1594605390629301, 0.6989186527763414,
        0.3087645531313321, 0.5963715955235811, 0.9657399412975788,
        0.45483068036645435, 0.07917658208814982, 0.7874246634162149,
        0.8734879398734262, 0.9385057210642315, 0.23573750996617,
        0.6828659768883325, 0.5500812574950573, 0.3937439417526261,
        0.9818059680398835
      ],
      [
        -0.1580621655886214, -0.15680433404491728, -0.31123149937481986,
        -0.45862089263968503, -0.1543962282817889, -0.3074240866806625,
        -0.4545402489606239, -0.3018913804577411, -0.5913870162726893,
        -0.15148198467138432, -0.4472859512457973, -0.5833677151361851,
        -0.7138853696355386, -0.29614588853309437, -0.4387390638036369,
        -0.1488401167016195, -0.706028440924891, -0.5732066356262309,
        -0.6954247223761763, -0.41902847630785967, -0.8117567032704363,
        -0.2803671385107599, -0.5499018823606865, -0.1350131897059529,
        -0.671017145039536, -0.8008164668333372, -0.7787595457452571,
        -0.4755239924924184, -0.8974020300029, -0.34636584306194296,
        -0.6005748918238738, -0.21055347368121274, -0.8841983362867802,
        -0.7147998953805245, -0.09061028075448789, -0.8642445184891696,
        -0.8072403711556297, -0.5410139949544007, -0.4104242716363385,
        -0.2699377687608169, -0.9485342153522331, -0.6637655760175536,
        -0.9220526288556252, -0.7700072201049828, -0.14748392037289718,
        -0.8659195431748646, -0.9889725592350808, -0.6037258082723219,
        -0.4710058276946229, -0.3230931381569812, -0.9655471228407533,
        -0.722617896447654, -0.8295710948596577, -0.9146360715081092,
        -0.16764663960225518
      ]
    ]
  }
}
