{
  "name": "Takaki-Forbes-Rolland 17 (rad6)",
  "domain": "S2",
  "degree": 17,
  "test_tolerance": 5e-14,
  "weight factor": 0.3183098861837907,
  "data": {
    "zero2": [[0.119913890113716]],
    "r6": [
      [
        0.109390374900056, 0.089605867922125, 0.080901543010582,
        0.054662924040364, 0.056341227935879, 0.042520120571368,
        0.029311953277726, 0.024671001837889, 0.016208113750023
      ],
      [
        0.363775420550028, 0.601744604816974, 0.678087439319387,
        0.827920982305579, 0.842372199542979, 0.893306018833271,
        0.965628629843171, 0.972104010066202, 0.982771494440792
      ],
      [
        0.0, 0.518032211681943, -0.010917514653234, 0.355384455969964,
        0.724984830394064, 0.038507776114625, 0.42989710111721,
        0.778946956506373, 0.089653787780584
      ]
    ]
  }
}
