{
  "name": "Takaki-Forbes-Rolland 45 (full)",
  "domain": "S2",
  "degree": 45,
  "test_tolerance": 5e-14,
  "weight factor": 0.3183098861837907,
  "data": {
    "zero2": [[0.020245876059416]],
    "c2_a0": [
      [
        0.019932286605586, 0.019005502819458, 0.017503075996544,
        0.015479728813878, 0.01300553673649, 0.010196648351254,
        0.007358498258142, 0.004071690395262, 0.002414537811822
      ],
      [
        0.152210994096084, 0.300982456602689, 0.442812603525171,
        0.574210205413762, 0.691997104509264, 0.794136569908393,
        0.880749320822838, 0.936258246766654, 0.98435794913781
      ]
    ],
    "c2_0a": [
      [
        0.019336848641384, 0.016717286231258, 0.012742310803652,
        0.008349591342684, 0.004030546647526
      ],
      [
        0.26197759266112, 0.505876852396955, 0.714799080827328, 0.874028867494,
        0.971673923699646
      ]
    ],
    "sxy": [
      [
        0.019938792876058, 0.019318944679199, 0.019030674027673,
        0.018106787693985, 0.0181271169803, 0.018151129976412,
        0.017561516050756, 0.016668711369247, 0.016413008564762,
        0.016350778665645, 0.016434275672226, 0.015599890195237,
        0.014766597948415, 0.01471794650031, 0.014797209381145,
        0.01426179493005, 0.014271259657613, 0.014115118836964,
        0.013249382188779, 0.012703090646897, 0.012504253301542,
        0.012498655209494, 0.012354207364022, 0.01179271793305,
        0.011791692516128, 0.011485759406214, 0.01066289656221,
        0.010416492884422, 0.010427906643995, 0.010307163842276,
        0.01001033911092, 0.009985270634654, 0.00967280920409,
        0.009157699691636, 0.009184804495436, 0.008622846897184,
        0.00803784996659, 0.007962882167405, 0.00790133825843,
        0.008100293148921, 0.007545185987493, 0.007418273599281,
        0.007472050440772, 0.00654425846942, 0.006517859948079,
        0.006643100522273, 0.005278549442205, 0.00560024111495,
        0.006199662544433, 0.006310066181104, 0.006179605951591,
        0.005646902988302, 0.005636744640614, 0.005847721608849,
        0.004564639696464, 0.005112755989221, 0.004576880706031,
        0.004352528392838, 0.003696644904479, 0.003802116016028,
        0.004135608677549, 0.003972544214763, 0.003980328643073,
        0.00387681177408, 0.00347671442779, 0.003482133635483,
        0.003064156109037, 0.003015724016846, 0.00263043093964,
        0.002273174558695, 0.002317081087822, 0.001816993784945,
        0.001515653566967, 0.001779890553108, 0.00169236846263,
        0.001532392163523, 0.001606488944963, 0.00141898790055,
        0.001251182721754, 0.001161659072019, 0.001089116001639,
        0.001071312085823, 0.000696201087704
      ],
      [
        0.07611539486538124, 0.2266366533482671, 0.1505686250220721,
        0.3720027462206952, 0.2977517965055464, 0.07443949894464073,
        0.22165606714584313, 0.4381939815445578, 0.36395177806658113,
        0.5087467854507444, 0.14541702977335783, 0.2876536390271432,
        0.4982922016672484, 0.5686823986223245, 0.07087149172111945,
        0.4238095790531084, 0.2111015498623903, 0.633565410390517,
        0.34700617288281876, 0.6221856357495535, 0.5516903053101325,
        0.13631943015990233, 0.6865379940814892, 0.4766037579725212,
        0.26996136044566243, 0.7438410001138843, 0.3990942210379788,
        0.6699073981667254, 0.0655939651942629, 0.7338243668183582,
        0.5991284297337981, 0.19546268195235347, 0.7898607103893776,
        0.5233946574438804, 0.32224558191487396, 0.8383491213820368,
        0.4461666967493697, 0.7756075892743933, 0.7131239516460022,
        0.1276754905927694, 0.8294539713274387, 0.643152953439124,
        0.2524295104410202, 0.8745725564084942, 0.5680775209831078,
        0.3745900018294416, 0.912274668830008, 0.4965480263135423,
        0.8374764911704234, 0.0649325331691318, 0.7742550455799299,
        0.8891538338182082, 0.7015892732717438, 0.19303331158452547,
        0.6237681441054655, 0.3174138188422707, 0.9313128509925019,
        0.43906716235807003, 0.9599202547217728, 0.5627916354563224,
        0.8452525896572031, 0.9025091689099571, 0.7747321192150642,
        0.12634739972549786, 0.6918437069989138, 0.2517591317196609,
        0.946385640515023, 0.3758229328966366, 0.4982546774793777,
        0.9748669195220958, 0.6203762944127411, 0.8872278449619138,
        0.05448216451879276, 0.820098236972424, 0.7375152692351897,
        0.1692465330109597, 0.938582387799713, 0.29178314563695285,
        0.41640691451132156, 0.9750182452935567, 0.5367229166950146,
        0.9945604361780895, 0.6491727026946665
      ],
      [
        -0.13198850892892922, -0.13085457147985874, -0.26083050719172235,
        -0.12866593500374837, -0.2574660279197236, -0.3868528513024121,
        -0.3834319022659173, -0.2519833867558099, -0.3766813829325194,
        -0.12542997103980955, -0.5035865217805319, -0.49671617520922967,
        -0.3664488550400124, -0.2440867127508317, -0.6149772727476945,
        -0.4851044891565144, -0.6092377023696232, -0.12079508036213737,
        -0.5974877104273061, -0.35138403463651036, -0.4676856791556581,
        -0.7113774272474883, -0.23219660228508174, -0.5786396969001939,
        -0.7008788710627064, -0.11336559504523361, -0.6820575383039442,
        -0.4414385110963347, -0.8004416113182057, -0.3279746112208988,
        -0.5501687961142047, -0.7923773881533926, -0.21266745268177337,
        -0.652152827307776, -0.7752227972354644, -0.10069330329571037,
        -0.7457427099395559, -0.4036935058543623, -0.5089142485924999,
        -0.8692497781972932, -0.2948452438776338, -0.608244890254438,
        -0.8545339982989931, -0.18820562436536825, -0.7000224318191666,
        -0.8271440565540091, -0.09816372188238336, -0.7823329151969577,
        -0.40844969764429107, -0.92966165728904, -0.5189632354605581,
        -0.2938099138595174, -0.6207030536296886, -0.9174562410633371,
        -0.7103833809147565, -0.8916186447675878, -0.18816109810740406,
        -0.8487780136657787, -0.07401660053260327, -0.7831556695029998,
        -0.479571303698671, -0.3627105980565941, -0.5886382564367953,
        -0.964791515712788, -0.6875936300307641, -0.9433240525260079,
        -0.24761179622385612, -0.9051664130208645, -0.8475526401804355,
        -0.13512207227618167, -0.7680871699274618, -0.44943219351173214,
        -0.9931503265217924, -0.5630948521165413, -0.6679255880838563,
        -0.980575620695307, -0.33074185488886987, -0.9520533313127322,
        -0.9052272990951749, -0.20652486315501223, -0.8400873707239978,
        -0.06969246253554441, -0.7583616176373819
      ]
    ]
  }
}
