{
  "name": "Takaki-Forbes-Rolland 33 (full)",
  "domain": "S2",
  "degree": 33,
  "test_tolerance": 5e-14,
  "weight factor": 0.3183098861837907,
  "data": {
    "zero2": [[0.036213464049968]],
    "c2_a0": [
      [
        0.035143783971194, 0.03204043181528, 0.027191133445718,
        0.020915576979282, 0.013816801690012, 0.00665128949759,
        0.002482486344328
      ],
      [
        0.201958986148608, 0.396923888187357, 0.577692059949089,
        0.736121492301042, 0.864329096818153, 0.937435955843908,
        0.994981927702019
      ]
    ],
    "c2_0a": [
      [
        0.033548556898626, 0.026152658006014, 0.015518615396042,
        0.003336761085168
      ],
      [
        0.349176892809388, 0.654942014200838, 0.878555555521719,
        0.990383468563787
      ]
    ],
    "sxy": [
      [
        0.035270462129744, 0.033176329262321, 0.0325170980429,
        0.029525934515789, 0.029190447778368, 0.030115379596313,
        0.028183127531249, 0.024848294535398, 0.024512623356261,
        0.025257290023559, 0.023646122730865, 0.022669303639234,
        0.01946554131638, 0.01889077173433, 0.020943545602532,
        0.018702985399751, 0.019429953947503, 0.016888479369221,
        0.016607502907652, 0.013955621444841, 0.013556506112943,
        0.014942377470184, 0.011264054219196, 0.01305461696975,
        0.013275775096447, 0.008240332437369, 0.010820502653948,
        0.009714678201205, 0.009456075104312, 0.009482360884495,
        0.008875509206821, 0.008222970103018, 0.007229879835847,
        0.007629285403096, 0.005125121324825, 0.005835415884815,
        0.00454501700812, 0.003653252698433, 0.003992449640512,
        0.00377269570832, 0.003629619404943, 0.003009267831983,
        0.002892139098629, 0.001929032656909
      ],
      [
        0.10109936936069285, 0.29983334159239133, 0.1994790579453491,
        0.3921626558379944, 0.488095364231183, 0.09863378224776827,
        0.2926407111674634, 0.5711418300373035, 0.47691343524762037,
        0.19231875155391226, 0.6584783815466174, 0.3786037317128087,
        0.6456386899017471, 0.7297741486081994, 0.09387956924612839,
        0.5537232597323494, 0.2789360257141428, 0.8029438283618822,
        0.4567188865268486, 0.7154291399884029, 0.7959230666685075,
        0.18007527065621215, 0.8608768674387102, 0.6252306882714564,
        0.3563731679711786, 0.9095102034216201, 0.5265695723427589,
        0.7868326214915297, 0.8697343563534199, 0.08490593613532729,
        0.25447509640645016, 0.6907986614921549, 0.9322430221004505,
        0.42224762092099244, 0.9689117904648663, 0.5851997007154419,
        0.8459464501939099, 0.14215601441007775, 0.9241141048092988,
        0.7446556186444802, 0.3026988117359937, 0.4671624371965982,
        0.975836936511029, 0.6234472710311887
      ],
      [
        -0.1767943467085714, -0.1723329980328201, -0.3446841720257229,
        -0.33142949537122834, -0.16366939888086562, -0.5083837907094184,
        -0.4950014400721694, -0.3100480654319514, -0.4686811519249076,
        -0.6460545875193375, -0.15139448555522117, -0.6195406257837315,
        -0.42894077810845294, -0.28014664303067727, -0.7764225142936235,
        -0.5747991001908799, -0.754684141444892, -0.13413347453073515,
        -0.7104335379809479, -0.5060878761307507, -0.3685124250192927,
        -0.8662297047866957, -0.23455111614687027, -0.639943832677797,
        -0.8284023651964149, -0.12495586485141653, -0.7625615392916393,
        -0.5287846460515101, -0.38193355036301585, -0.9466567014275289,
        -0.9206192785545138, -0.6631350227884699, -0.23484316329400015,
        -0.8659844408460724, -0.08467461639049757, -0.7798960169455228,
        -0.5138050531635523, -0.9805027089791103, -0.3583793242119715,
        -0.6548463856199174, -0.9445219998833406, -0.8769331120402863,
        -0.18862198640041442, -0.7769810750120719
      ]
    ]
  }
}
