{
  "name": "Takaki-Forbes-Rolland 21 (rad6)",
  "domain": "S2",
  "degree": 21,
  "test_tolerance": 5e-14,
  "weight factor": 0.3183098861837907,
  "data": {
    "zero2": [[0.082581152138298]],
    "r6": [
      [
        0.077535225805395, 0.067877417743367, 0.063415006365263,
        0.049785780020062, 0.050744604195668, 0.042712715878509,
        0.03156903772822, 0.028444099812886, 0.028171266442169,
        0.021694360887141, 0.015266278043367, 0.013852543453869,
        0.011376169941243, 0.007390743924758
      ],
      [
        0.304013572681816, 0.510223807009143, 0.579520256810864,
        0.726876383601725, 0.73371113560181, 0.797441264083784,
        0.88388845783992, 0.884067332184128, 0.90408161767752,
        0.933194373448097, 0.975958614755729, 0.979298582856967,
        0.983307195727722, 0.989951454350347
      ],
      [
        -0.0, 0.528177684631717, 0.008433616272469, 0.712381770928294,
        0.33765601615987, -0.001555774129436, 0.474164210038245,
        0.744602547842883, 0.199217433029053, -0.085304904497696,
        0.65182381920558, 0.390877589638108, 0.123173917598754,
        -0.149999999999975
      ]
    ]
  }
}
