{
  "name": "Takaki-Forbes-Rolland 29 (full)",
  "domain": "S2",
  "degree": 29,
  "test_tolerance": 5e-14,
  "weight factor": 0.3183098861837907,
  "data": {
    "zero2": [[0.04591059483792]],
    "c2_a0": [
      [0.041292334292998, 0.028876869816764, 0.015616668270922],
      [0.387373019515327, 0.717395704411209, 0.936667832134788]
    ],
    "c2_0a": [
      [
        0.044318812757274, 0.0395976752448, 0.031925944097592,
        0.022530471752152, 0.014541968687752, 0.003152676032952
      ],
      [
        0.228850014250538, 0.444790014249844, 0.637574577161658,
        0.803583933835769, 0.913721163978688, 0.994303846720565
      ]
    ],
    "sxy": [
      [
        0.04435055993513, 0.041261586949906, 0.039839132413136,
        0.035470076912818, 0.035213219998225, 0.035536933048962,
        0.032730257150026, 0.028934180784722, 0.027130059947048,
        0.027836438441528, 0.026971116918968, 0.023535309768273,
        0.020790858443023, 0.020764344298176, 0.021782335427843,
        0.016458188225111, 0.019547029680079, 0.017581060526613,
        0.014604140946193, 0.013204908399569, 0.014877548923272,
        0.014120058053426, 0.012028539615875, 0.011660996528777,
        0.009231946590137, 0.007548794871876, 0.004819663032703,
        0.006048493281766, 0.006272620374893, 0.005676030191407,
        0.005457629367511, 0.004644729378268, 0.003800095167476,
        0.003264920618629
      ],
      [
        0.19712605804343616, 0.19428764521513092, 0.38449003607581445,
        0.5614381186861075, 0.18547295269312153, 0.3728648619413841,
        0.5491984775042296, 0.3460148223327971, 0.7061624418830893,
        0.520957967689391, 0.1643790432590491, 0.6766893084303328,
        0.3290864669607593, 0.8396043703123759, 0.5030119826195869,
        0.8043956111553601, 0.664100785284903, 0.16576355830391823,
        0.8013656267275147, 0.903899601697777, 0.42955953173820866,
        0.6034513058874489, 0.2514456443440535, 0.755485127097505,
        0.8806642170379483, 0.0964790530175848, 0.9464315601010821,
        0.37899429771838433, 0.5504102643216379, 0.9837421369501068,
        0.708578429435026, 0.8431782956763529, 0.20376042641123082,
        0.9436513645875445
      ],
      [
        -0.11449812512943626, -0.33719965396440327, -0.22286470403994124,
        -0.10780869931568318, -0.5424116064792769, -0.4356483689824462,
        -0.32050817490966865, -0.6289113014701242, -0.20324594070324226,
        -0.5220134678764701, -0.722167528201811, -0.4041489575403146,
        -0.7776063532635857, -0.09596332574984104, -0.6819502023333708,
        -0.28460142507510827, -0.5630149945986881, -0.8565128753591854,
        -0.42199925218715606, -0.21074186701520672, -0.8292006048419684,
        -0.7209138936720502, -0.910200010223125, -0.5799933045444512,
        -0.3938351308293581, -0.9615291482137697, -0.21611774839847156,
        -0.9119076329777588, -0.820157914295179, -0.09808144311158738,
        -0.6912830723344429, -0.5222670681925633, -0.971318299234273,
        -0.31562168364780924
      ]
    ]
  }
}
