{
  "name": "Takaki-Forbes-Rolland 37 (full/Chebyshev)",
  "domain": "S2",
  "degree": 37,
  "test_tolerance": 5e-14,
  "weight factor": 0.3183098861837907,
  "data": {
    "zero2": [[0.02241390086134]],
    "c2_a0": [
      [
        0.026748625164028, 0.020280495698976, 0.020093556692332,
        0.01522108291961, 0.005682790538588, 0.006976548370014
      ],
      [
        0.248973447386955, 0.42446382906792, 0.646317592200515,
        0.838750627313406, 0.915685625980559, 0.963603852590464
      ]
    ],
    "c2_0a": [
      [
        0.02559881869678, 0.02281123873054, 0.020588296926694,
        0.015409411309994, 0.007441582467566, 0.0020950857935
      ],
      [
        0.211420844080473, 0.398416137088165, 0.634762258136274,
        0.83236205290167, 0.962297911987445, 0.993154977860672
      ]
    ],
    "sxy": [
      [
        0.024203836414888, 0.021966376063157, 0.022542657287788,
        0.022497023254993, 0.023758239816676, 0.019356882159812,
        0.021650238574068, 0.02104848806596, 0.020927437480466,
        0.018830795787016, 0.021280296329839, 0.017989679779369,
        0.020714198258113, 0.019521267444416, 0.017467865248777,
        0.018112313911911, 0.015109381624966, 0.018498427964974,
        0.018022716179311, 0.017517274644487, 0.017523598968963,
        0.015131932201691, 0.014878285078942, 0.012579416916155,
        0.014861119975952, 0.014462030575374, 0.013688775217107,
        0.012965117276395, 0.009610205237654, 0.010124262188582,
        0.009901209834145, 0.011295571094479, 0.009533276876125,
        0.01024843920472, 0.009974559684876, 0.005720289341854,
        0.007292840624871, 0.008937872183745, 0.00768165908361,
        0.007437158847407, 0.007094341716186, 0.007063479905341,
        0.006077829361748, 0.006057892389237, 0.005349687464258,
        0.004672347610764, 0.003462207525092, 0.002655851333801,
        0.003048635135516, 0.002836667705047, 0.002705255252532,
        0.002590075697813, 0.00241170207518, 0.002271210555454,
        0.002160721096199
      ],
      [
        0.11452598542250478, 0.2238223066471945, 0.12599618383933672,
        0.35412873499090863, 0.3201080059031921, 0.2020251781550483,
        0.45867296167461863, 0.09025154930529111, 0.5320357162398492,
        0.29543375755283396, 0.4271440196238677, 0.5539633438980194,
        0.18557758462900506, 0.6322395894664882, 0.3675397223492723,
        0.5057738066003172, 0.6184548767976953, 0.09298912315963935,
        0.7453991496745236, 0.2721095237114845, 0.7164893001560886,
        0.4466443012153715, 0.5877655857324001, 0.6894814524643718,
        0.18037964346311372, 0.8233274061202221, 0.3548063507688633,
        0.7885194839866779, 0.5155547657478271, 0.7278072067684078,
        0.6373474573019359, 0.08720739037511338, 0.902419596961135,
        0.2594204580233057, 0.8782892226452107, 0.5059436105144524,
        0.4068304958043789, 0.8218411020455711, 0.7425157864138123,
        0.6184065870949519, 0.17332958654381714, 0.948778797284422,
        0.33874984804703084, 0.9074716447378044, 0.4946210549963563,
        0.8400419659281363, 0.7070937825784503, 0.12652528150541476,
        0.9893549953216498, 0.960614314458803, 0.5868540158160056,
        0.2759153809653949, 0.4353399322655206, 0.8103734605990043,
        0.902811792838855
      ],
      [
        -0.09790854610175777, -0.19634760683395405, -0.3084253405903036,
        -0.13092541034072072, -0.31790292093903677, -0.42330718207947443,
        -0.23371910891773254, -0.5169169321751265, -0.093354503451317,
        -0.5039853729832352, -0.41537418440697527, -0.3197496001896118,
        -0.6191688161279754, -0.18488769811557576, -0.5939922201867579,
        -0.5120907578102073, -0.4044770338598168, -0.7367007287391997,
        -0.09340746402234401, -0.7129411883556714, -0.27740778610088784,
        -0.6662313212999005, -0.5787828357508382, -0.45672023175792964,
        -0.8209022629391232, -0.18434484508478843, -0.7821655177602219,
        -0.35449835706203175, -0.7156430739804664, -0.5294922119468283,
        -0.646707087912658, -0.9047516505088415, -0.11691213343640112,
        -0.8790533289109458, -0.27909443574645093, -0.775115045687,
        -0.8363555363017615, -0.4436497559757053, -0.6085762949209683,
        -0.734752584556873, -0.9475075435619029, -0.172139874043487,
        -0.9083334850458611, -0.34422077030038944, -0.8368599266817742,
        -0.49768874466023855, -0.6948296732781263, -0.9844808071279114,
        -0.08542749129055785, -0.25374945544018335, -0.8020716525057832,
        -0.9547728222962755, -0.8943986375640338, -0.5770195138212186,
        -0.4195348983252643
      ]
    ]
  }
}
